id,language,value,description,year,latitude,longitude,genus,family,source,id_url,language_url,source_url
abm,Alabama,3,Others,NA,32.3333333333,-87.4166666667,Muskogean,Muskogean,Sylestine et al. n.d.,http://wals.info/valuesets/138A-abm,http://wals.info/languoid/lect/wals_code_abm,http://wals.info/refdb/record/Sylestine-et-al-nd
abz,Abaza,1,Words derived from Sinitic cha,NA,44,42,Northwest Caucasian,Northwest Caucasian,Anonymous 1956,http://wals.info/valuesets/138A-abz,http://wals.info/languoid/lect/wals_code_abz,http://wals.info/refdb/record/Anonymous-1956
ace,Acehnese,2,Words derived from Min Nan Chinese te,949,5.5,95.5,Malayo-Sumbawan,Austronesian,Aboe Bakar et al. 1985,http://wals.info/valuesets/138A-ace,http://wals.info/languoid/lect/wals_code_ace,http://wals.info/refdb/record/Aboe-Bakar-et-al-1985[949]
aeg,Arabic (Egyptian),1,Words derived from Sinitic cha,540,30,31,Semitic,Afro-Asiatic,Malherbe and Rosenberg 1996,http://wals.info/valuesets/138A-aeg,http://wals.info/languoid/lect/wals_code_aeg,http://wals.info/refdb/record/Malherbe-and-Rosenberg-1996[540]
afr,Afrikaans,2,Words derived from Min Nan Chinese te,493,-31,22,Germanic,Indo-European,Malherbe and Rosenberg 1996,http://wals.info/valuesets/138A-afr,http://wals.info/languoid/lect/wals_code_afr,http://wals.info/refdb/record/Malherbe-and-Rosenberg-1996[493]
aht,Ahtna,1,Words derived from Sinitic cha,NA,62,-145,Athapaskan,Na-Dene,Kari 1990,http://wals.info/valuesets/138A-aht,http://wals.info/languoid/lect/wals_code_aht,http://wals.info/refdb/record/Kari-1990
alb,Albanian,1,Words derived from Sinitic cha,NA,41,20,Albanian,Indo-European,NA,http://wals.info/valuesets/138A-alb,http://wals.info/languoid/lect/wals_code_alb,NA
alt,Alsatian,2,Words derived from Min Nan Chinese te,517,48.5,7.5,Germanic,Indo-European,Malherbe and Rosenberg 1996,http://wals.info/valuesets/138A-alt,http://wals.info/languoid/lect/wals_code_alt,http://wals.info/refdb/record/Malherbe-and-Rosenberg-1996[517]
amh,Amharic,1,Words derived from Sinitic cha,525,10,38,Semitic,Afro-Asiatic,Malherbe and Rosenberg 1996,http://wals.info/valuesets/138A-amh,http://wals.info/languoid/lect/wals_code_amh,http://wals.info/refdb/record/Malherbe-and-Rosenberg-1996[525]
arm,Armenian (Eastern),2,Words derived from Min Nan Chinese te,553,40,45,Armenian,Indo-European,Malherbe and Rosenberg 1996,http://wals.info/valuesets/138A-arm,http://wals.info/languoid/lect/wals_code_arm,http://wals.info/refdb/record/Malherbe-and-Rosenberg-1996[553]
ass,Assamese,1,Words derived from Sinitic cha,559,26,93,Indic,Indo-European,Malherbe and Rosenberg 1996,http://wals.info/valuesets/138A-ass,http://wals.info/languoid/lect/wals_code_ass,http://wals.info/refdb/record/Malherbe-and-Rosenberg-1996[559]
ast,Asturian,2,Words derived from Min Nan Chinese te,NA,43.25,-6,Romance,Indo-European,NA,http://wals.info/valuesets/138A-ast,http://wals.info/languoid/lect/wals_code_ast,NA
ata,Atayal,3,Others,NA,24.5,121.333333333,Atayalic,Austronesian,Egerod 1980,http://wals.info/valuesets/138A-ata,http://wals.info/languoid/lect/wals_code_ata,http://wals.info/refdb/record/Egerod-1980
aze,Azerbaijani,1,Words derived from Sinitic cha,570,40.5,48.5,Turkic,Altaic,Malherbe and Rosenberg 1996,http://wals.info/valuesets/138A-aze,http://wals.info/languoid/lect/wals_code_aze,http://wals.info/refdb/record/Malherbe-and-Rosenberg-1996[570]
bal,Balinese,2,Words derived from Min Nan Chinese te,390,-8.33333333333,115.25,Malayo-Sumbawan,Austronesian,Sugiarto 1993,http://wals.info/valuesets/138A-bal,http://wals.info/languoid/lect/wals_code_bal,http://wals.info/refdb/record/Sugiarto-1993[390]
bam,Bambara,3,Others,581,12.5,-7.5,Western Mande,Mande,Malherbe and Rosenberg 1996,http://wals.info/valuesets/138A-bam,http://wals.info/languoid/lect/wals_code_bam,http://wals.info/refdb/record/Malherbe-and-Rosenberg-1996[581]
bdg,Badaga,2,Words derived from Min Nan Chinese te,NA,11.6666666667,76.75,Southern Dravidian,Dravidian,Hockings and Pilot-Raichoor 1992,http://wals.info/valuesets/138A-bdg,http://wals.info/languoid/lect/wals_code_bdg,http://wals.info/refdb/record/Hockings-and-Pilot-Raichoor-1992
ben,Bengali,1,Words derived from Sinitic cha,623,24,90,Indic,Indo-European,Malherbe and Rosenberg 1996,http://wals.info/valuesets/138A-ben,http://wals.info/languoid/lect/wals_code_ben,http://wals.info/refdb/record/Malherbe-and-Rosenberg-1996[623]
blc,Baluchi,1,Words derived from Sinitic cha,576,28,62,Iranian,Indo-European,Malherbe and Rosenberg 1996,http://wals.info/valuesets/138A-blc,http://wals.info/languoid/lect/wals_code_blc,http://wals.info/refdb/record/Malherbe-and-Rosenberg-1996[576]
blr,Belorussian,1,Words derived from Sinitic cha,638,54,28,Slavic,Indo-European,Malherbe and Rosenberg 1996,http://wals.info/valuesets/138A-blr,http://wals.info/languoid/lect/wals_code_blr,http://wals.info/refdb/record/Malherbe-and-Rosenberg-1996[638]
bma,Berber (Middle Atlas),3,Others,1548,33,-5,Berber,Afro-Asiatic,Malherbe and Rosenberg 1996,http://wals.info/valuesets/138A-bma,http://wals.info/languoid/lect/wals_code_bma,http://wals.info/refdb/record/Malherbe-and-Rosenberg-1996[1548]
bre,Breton,2,Words derived from Min Nan Chinese te,672,48,-3,Celtic,Indo-European,Malherbe and Rosenberg 1996,http://wals.info/valuesets/138A-bre,http://wals.info/languoid/lect/wals_code_bre,http://wals.info/refdb/record/Malherbe-and-Rosenberg-1996[672]
brj,Burji,1,Words derived from Sinitic cha,NA,5.5,37.8333333333,Lowland East Cushitic,Afro-Asiatic,Sasse 1982,http://wals.info/valuesets/138A-brj,http://wals.info/languoid/lect/wals_code_brj,http://wals.info/refdb/record/Sasse-1982
brm,Burmese,3,Others,646,21,96,Burmese-Lolo,Sino-Tibetan,Malherbe and Rosenberg 1996,http://wals.info/valuesets/138A-brm,http://wals.info/languoid/lect/wals_code_brm,http://wals.info/refdb/record/Malherbe-and-Rosenberg-1996[646]
bru,Bru (Eastern),2,Words derived from Min Nan Chinese te,1,17.3333333333,106,Katuic,Austro-Asiatic,Miller and Nuan 1974,http://wals.info/valuesets/138A-bru,http://wals.info/languoid/lect/wals_code_bru,http://wals.info/refdb/record/Miller-and-Nuan-1974[1]
bsk,Bashkir,1,Words derived from Sinitic cha,NA,53,58,Turkic,Altaic,Poppe 1964,http://wals.info/valuesets/138A-bsk,http://wals.info/languoid/lect/wals_code_bsk,http://wals.info/refdb/record/Poppe-1964
bsq,Basque,1,Words derived from Sinitic cha,605,43,-3,Basque,Basque,Malherbe and Rosenberg 1996,http://wals.info/valuesets/138A-bsq,http://wals.info/languoid/lect/wals_code_bsq,http://wals.info/refdb/record/Malherbe-and-Rosenberg-1996[605]
bul,Bulgarian,1,Words derived from Sinitic cha,683,42.5,25,Slavic,Indo-European,Malherbe and Rosenberg 1996,http://wals.info/valuesets/138A-bul,http://wals.info/languoid/lect/wals_code_bul,http://wals.info/refdb/record/Malherbe-and-Rosenberg-1996[683]
bur,Burushaski,1,Words derived from Sinitic cha,692,36.5,74.5,Burushaski,Burushaski,Malherbe and Rosenberg 1996,http://wals.info/valuesets/138A-bur,http://wals.info/languoid/lect/wals_code_bur,http://wals.info/refdb/record/Malherbe-and-Rosenberg-1996[692]
but,Buriat,1,Words derived from Sinitic cha,NA,52,108,Mongolic,Altaic,Cydenbambaev and Imechenov 1962,http://wals.info/valuesets/138A-but,http://wals.info/languoid/lect/wals_code_but,http://wals.info/refdb/record/Cydenbambaev-and-Imechenov-1962
ccp,Cocopa,2,Words derived from Min Nan Chinese te,517,32.3333333333,-115,Yuman,Hokan,Crawford 1989,http://wals.info/valuesets/138A-ccp,http://wals.info/languoid/lect/wals_code_ccp,http://wals.info/refdb/record/Crawford-1989[517]
ceb,Cebuano,1,Words derived from Sinitic cha,654,10,124,Greater Central Philippine,Austronesian,Malherbe and Rosenberg 1996,http://wals.info/valuesets/138A-ceb,http://wals.info/languoid/lect/wals_code_ceb,http://wals.info/refdb/record/Malherbe-and-Rosenberg-1996[654]
cha,Chamorro,1,Words derived from Sinitic cha,718,13.45,144.75,Chamorro,Austronesian,Malherbe and Rosenberg 1996,http://wals.info/valuesets/138A-cha,http://wals.info/languoid/lect/wals_code_cha,http://wals.info/refdb/record/Malherbe-and-Rosenberg-1996[718]
chc,Chechen,1,Words derived from Sinitic cha,NA,43.25,45.8333333333,Nakh,Nakh-Daghestanian,Digaev et al. 2002,http://wals.info/valuesets/138A-chc,http://wals.info/languoid/lect/wals_code_chc,http://wals.info/refdb/record/Digaev-et-al-2002
che,Cherokee,3,Others,NA,35.5,-83.5,Southern Iroquoian,Iroquoian,NA,http://wals.info/valuesets/138A-che,http://wals.info/languoid/lect/wals_code_che,NA
chn,Chantyal,1,Words derived from Sinitic cha,NA,28.5833333333,83.4166666667,Bodic,Sino-Tibetan,Noonan and Bhulanja 1999,http://wals.info/valuesets/138A-chn,http://wals.info/languoid/lect/wals_code_chn,http://wals.info/refdb/record/Noonan-and-Bhulanja-1999
chp,Chipewyan,2,Words derived from Min Nan Chinese te,NA,59,-106,Athapaskan,Na-Dene,NA,http://wals.info/valuesets/138A-chp,http://wals.info/languoid/lect/wals_code_chp,NA
chr,Chrau,1,Words derived from Sinitic cha,1,10.75,107.5,Bahnaric,Austro-Asiatic,Jaken and Thomas 1974,http://wals.info/valuesets/138A-chr,http://wals.info/languoid/lect/wals_code_chr,http://wals.info/refdb/record/Jaken-and-Thomas-1974[1]
chv,Chuvash,1,Words derived from Sinitic cha,NA,55.5,47.5,Turkic,Altaic,Krueger 1961,http://wals.info/valuesets/138A-chv,http://wals.info/languoid/lect/wals_code_chv,http://wals.info/refdb/record/Krueger-1961
cic,Chichewa,2,Words derived from Min Nan Chinese te,725,-14,34,Bantoid,Niger-Congo,Malherbe and Rosenberg 1996,http://wals.info/valuesets/138A-cic,http://wals.info/languoid/lect/wals_code_cic,http://wals.info/refdb/record/Malherbe-and-Rosenberg-1996[725]
cme,Cham (Eastern),1,Words derived from Sinitic cha,713,11.3333333333,108.5,Malayo-Sumbawan,Austronesian,Malherbe and Rosenberg 1996,http://wals.info/valuesets/138A-cme,http://wals.info/languoid/lect/wals_code_cme,http://wals.info/refdb/record/Malherbe-and-Rosenberg-1996[713]
cmh,Chemehuevi,2,Words derived from Min Nan Chinese te,171,34.3333333333,-115.166666667,Numic,Uto-Aztecan,Press 1979,http://wals.info/valuesets/138A-cmh,http://wals.info/languoid/lect/wals_code_cmh,http://wals.info/refdb/record/Press-1979[171]
cnt,Cantonese,1,Words derived from Sinitic cha,700,23,113,Chinese,Sino-Tibetan,Malherbe and Rosenberg 1996,http://wals.info/valuesets/138A-cnt,http://wals.info/languoid/lect/wals_code_cnt,http://wals.info/refdb/record/Malherbe-and-Rosenberg-1996[700]
com,Comorian,1,Words derived from Sinitic cha,739,-12,44,Bantoid,Niger-Congo,Malherbe and Rosenberg 1996,http://wals.info/valuesets/138A-com,http://wals.info/languoid/lect/wals_code_com,http://wals.info/refdb/record/Malherbe-and-Rosenberg-1996[739]
cre,Cree (Plains),3,Others,NA,54,-110,Algonquian,Algic,Wolfart and Ahenakew 1998,http://wals.info/valuesets/138A-cre,http://wals.info/languoid/lect/wals_code_cre,http://wals.info/refdb/record/Wolfart-and-Ahenakew-1998
crh,Chru,2,Words derived from Min Nan Chinese te,1,11.5,108.5,Malayo-Sumbawan,Austronesian,Fuller et al. 1974,http://wals.info/valuesets/138A-crh,http://wals.info/languoid/lect/wals_code_crh,http://wals.info/refdb/record/Fuller-et-al-1974[1]
ctl,Catalan,2,Words derived from Min Nan Chinese te,707,41.75,2,Romance,Indo-European,Malherbe and Rosenberg 1996,http://wals.info/valuesets/138A-ctl,http://wals.info/languoid/lect/wals_code_ctl,http://wals.info/refdb/record/Malherbe-and-Rosenberg-1996[707]
cua,Cua,2,Words derived from Min Nan Chinese te,2,15.25,108.5,Bahnaric,Austro-Asiatic,Dinh Dô et al. 1974,http://wals.info/valuesets/138A-cua,http://wals.info/languoid/lect/wals_code_cua,http://wals.info/refdb/record/Dinh-Do-et-al-1974[2]
cyn,Cheyenne,3,Others,NA,47,-95,Algonquian,Algic,NA,http://wals.info/valuesets/138A-cyn,http://wals.info/languoid/lect/wals_code_cyn,NA
cze,Czech,1,Words derived from Sinitic cha,1564,50,15,Slavic,Indo-European,Malherbe and Rosenberg 1996,http://wals.info/valuesets/138A-cze,http://wals.info/languoid/lect/wals_code_cze,http://wals.info/refdb/record/Malherbe-and-Rosenberg-1996[1564]
dah,Dahalo,1,Words derived from Sinitic cha,NA,-2.33333333333,40.5,Dahalo,Afro-Asiatic,Tosco 1991,http://wals.info/valuesets/138A-dah,http://wals.info/languoid/lect/wals_code_dah,http://wals.info/refdb/record/Tosco-1991
dga,Dagaare,2,Words derived from Min Nan Chinese te,NA,10.5,-2.66666666667,Gur,Niger-Congo,NA,http://wals.info/valuesets/138A-dga,http://wals.info/languoid/lect/wals_code_dga,NA
dhi,Dhivehi,1,Words derived from Sinitic cha,NA,4.16666666667,73.5,Indic,Indo-European,Cain and Gair 2000,http://wals.info/valuesets/138A-dhi,http://wals.info/languoid/lect/wals_code_dhi,http://wals.info/refdb/record/Cain-and-Gair-2000
din,Dinka,1,Words derived from Sinitic cha,782,8.5,28,Nilotic,Eastern Sudanic,Malherbe and Rosenberg 1996,http://wals.info/valuesets/138A-din,http://wals.info/languoid/lect/wals_code_din,http://wals.info/refdb/record/Malherbe-and-Rosenberg-1996[782]
dio,Diola-Fogny,2,Words derived from Min Nan Chinese te,788,13,-16.25,Northern Atlantic,Niger-Congo,Malherbe and Rosenberg 1996,http://wals.info/valuesets/138A-dio,http://wals.info/languoid/lect/wals_code_dio,http://wals.info/refdb/record/Malherbe-and-Rosenberg-1996[788]
dsh,Danish,2,Words derived from Min Nan Chinese te,NA,56,10,Germanic,Indo-European,NA,http://wals.info/valuesets/138A-dsh,http://wals.info/languoid/lect/wals_code_dsh,NA
dua,Duala,2,Words derived from Min Nan Chinese te,798,4,9.41666666667,Bantoid,Niger-Congo,Malherbe and Rosenberg 1996,http://wals.info/valuesets/138A-dua,http://wals.info/languoid/lect/wals_code_dua,http://wals.info/refdb/record/Malherbe-and-Rosenberg-1996[798]
dut,Dutch,2,Words derived from Min Nan Chinese te,1244,52.5,6,Germanic,Indo-European,Malherbe and Rosenberg 1996,http://wals.info/valuesets/138A-dut,http://wals.info/languoid/lect/wals_code_dut,http://wals.info/refdb/record/Malherbe-and-Rosenberg-1996[1244]
eng,English,2,Words derived from Min Nan Chinese te,NA,52,0,Germanic,Indo-European,NA,http://wals.info/valuesets/138A-eng,http://wals.info/languoid/lect/wals_code_eng,NA
est,Estonian,2,Words derived from Min Nan Chinese te,822,59,26,Finnic,Uralic,Malherbe and Rosenberg 1996,http://wals.info/valuesets/138A-est,http://wals.info/languoid/lect/wals_code_est,http://wals.info/refdb/record/Malherbe-and-Rosenberg-1996[822]
eve,Evenki,1,Words derived from Sinitic cha,NA,56,125,Tungusic,Altaic,Ikegami 1975,http://wals.info/valuesets/138A-eve,http://wals.info/languoid/lect/wals_code_eve,http://wals.info/refdb/record/Ikegami-1975
evn,Even,1,Words derived from Sinitic cha,NA,68,130,Tungusic,Altaic,Cincius and Rises 1952,http://wals.info/valuesets/138A-evn,http://wals.info/languoid/lect/wals_code_evn,http://wals.info/refdb/record/Cincius-and-Rises-1952
ewe,Ewe,2,Words derived from Min Nan Chinese te,831,6.33333333333,0.416666666667,Kwa,Niger-Congo,Malherbe and Rosenberg 1996,http://wals.info/valuesets/138A-ewe,http://wals.info/languoid/lect/wals_code_ewe,http://wals.info/refdb/record/Malherbe-and-Rosenberg-1996[831]
ewo,Ewondo,2,Words derived from Min Nan Chinese te,838,4,12,Bantoid,Niger-Congo,Malherbe and Rosenberg 1996,http://wals.info/valuesets/138A-ewo,http://wals.info/languoid/lect/wals_code_ewo,http://wals.info/refdb/record/Malherbe-and-Rosenberg-1996[838]
fin,Finnish,2,Words derived from Min Nan Chinese te,NA,62,25,Finnic,Uralic,NA,http://wals.info/valuesets/138A-fin,http://wals.info/languoid/lect/wals_code_fin,NA
fli,Ful (Liptako),3,Others,NA,13.5,0.5,Northern Atlantic,Niger-Congo,De Wolf 1995,http://wals.info/valuesets/138A-fli,http://wals.info/languoid/lect/wals_code_fli,http://wals.info/refdb/record/De-Wolf-1995
fre,French,2,Words derived from Min Nan Chinese te,NA,48,2,Romance,Indo-European,NA,http://wals.info/valuesets/138A-fre,http://wals.info/languoid/lect/wals_code_fre,NA
fua,Fula (Cameroonian),1,Words derived from Sinitic cha,NA,9.16666666667,13.5,Northern Atlantic,Niger-Congo,De Wolf 1995,http://wals.info/valuesets/138A-fua,http://wals.info/languoid/lect/wals_code_fua,http://wals.info/refdb/record/De-Wolf-1995
gdl,Guadeloupe Creole,2,Words derived from Min Nan Chinese te,762,16.25,-61.5,Creoles and Pidgins,other,Malherbe and Rosenberg 1996,http://wals.info/valuesets/138A-gdl,http://wals.info/languoid/lect/wals_code_gdl,http://wals.info/refdb/record/Malherbe-and-Rosenberg-1996[762]
geo,Georgian,1,Words derived from Sinitic cha,894,42,44,Kartvelian,Kartvelian,Malherbe and Rosenberg 1996,http://wals.info/valuesets/138A-geo,http://wals.info/languoid/lect/wals_code_geo,http://wals.info/refdb/record/Malherbe-and-Rosenberg-1996[894]
ger,German,2,Words derived from Min Nan Chinese te,NA,52,10,Germanic,Indo-European,NA,http://wals.info/valuesets/138A-ger,http://wals.info/languoid/lect/wals_code_ger,NA
gml,Gamilaraay,2,Words derived from Min Nan Chinese te,NA,-29.8333333333,149.5,Southeastern Pama-Nyungan,Pama-Nyungan,Austin and Nathan 1998,http://wals.info/valuesets/138A-gml,http://wals.info/languoid/lect/wals_code_gml,http://wals.info/refdb/record/Austin-and-Nathan-1998
grk,Greek (Modern),1,Words derived from Sinitic cha,902,39,22,Greek,Indo-European,Malherbe and Rosenberg 1996,http://wals.info/valuesets/138A-grk,http://wals.info/languoid/lect/wals_code_grk,http://wals.info/refdb/record/Malherbe-and-Rosenberg-1996[902]
grt,Gorontalo,2,Words derived from Min Nan Chinese te,276,0.5,122,Greater Central Philippine,Austronesian,Padeta 1977,http://wals.info/valuesets/138A-grt,http://wals.info/languoid/lect/wals_code_grt,http://wals.info/refdb/record/Padeta-1977[276]
gua,Guaraní,2,Words derived from Min Nan Chinese te,910,-26,-56,Tupi-Guaraní,Tupian,Malherbe and Rosenberg 1996,http://wals.info/valuesets/138A-gua,http://wals.info/languoid/lect/wals_code_gua,http://wals.info/refdb/record/Malherbe-and-Rosenberg-1996[910]
guj,Gujarati,1,Words derived from Sinitic cha,917,23,72,Indic,Indo-European,Malherbe and Rosenberg 1996,http://wals.info/valuesets/138A-guj,http://wals.info/languoid/lect/wals_code_guj,http://wals.info/refdb/record/Malherbe-and-Rosenberg-1996[917]
hau,Hausa,1,Words derived from Sinitic cha,923,12,7,West Chadic,Afro-Asiatic,Malherbe and Rosenberg 1996,http://wals.info/valuesets/138A-hau,http://wals.info/languoid/lect/wals_code_hau,http://wals.info/refdb/record/Malherbe-and-Rosenberg-1996[923]
haw,Hawaiian,3,Others,NA,19.5833333333,-155.5,Oceanic,Austronesian,NA,http://wals.info/valuesets/138A-haw,http://wals.info/languoid/lect/wals_code_haw,NA
heb,Hebrew (Modern),2,Words derived from Min Nan Chinese te,931,31.5,34.8333333333,Semitic,Afro-Asiatic,Malherbe and Rosenberg 1996,http://wals.info/valuesets/138A-heb,http://wals.info/languoid/lect/wals_code_heb,http://wals.info/refdb/record/Malherbe-and-Rosenberg-1996[931]
hil,Hiligaynon,1,Words derived from Sinitic cha,NA,10.25,123,Greater Central Philippine,Austronesian,Ibelgaufts and Ibelgaufts 1999,http://wals.info/valuesets/138A-hil,http://wals.info/languoid/lect/wals_code_hil,http://wals.info/refdb/record/Ibelgaufts-and-Ibelgaufts-1999
hin,Hindi,1,Words derived from Sinitic cha,940,25,77,Indic,Indo-European,Malherbe and Rosenberg 1996,http://wals.info/valuesets/138A-hin,http://wals.info/languoid/lect/wals_code_hin,http://wals.info/refdb/record/Malherbe-and-Rosenberg-1996[940]
hre,Hre,2,Words derived from Min Nan Chinese te,1,14.6666666667,108.666666667,Bahnaric,Austro-Asiatic,Trebilco et al. 1974,http://wals.info/valuesets/138A-hre,http://wals.info/languoid/lect/wals_code_hre,http://wals.info/refdb/record/Trebilco-et-al-1974[1]
hun,Hungarian,2,Words derived from Min Nan Chinese te,950,47,20,Ugric,Uralic,Malherbe and Rosenberg 1996,http://wals.info/valuesets/138A-hun,http://wals.info/languoid/lect/wals_code_hun,http://wals.info/refdb/record/Malherbe-and-Rosenberg-1996[950]
ice,Icelandic,2,Words derived from Min Nan Chinese te,978,65,-17,Germanic,Indo-European,Malherbe and Rosenberg 1996,http://wals.info/valuesets/138A-ice,http://wals.info/languoid/lect/wals_code_ice,http://wals.info/refdb/record/Malherbe-and-Rosenberg-1996[978]
ind,Indonesian,2,Words derived from Min Nan Chinese te,970,0,106,Malayo-Sumbawan,Austronesian,Malherbe and Rosenberg 1996,http://wals.info/valuesets/138A-ind,http://wals.info/languoid/lect/wals_code_ind,http://wals.info/refdb/record/Malherbe-and-Rosenberg-1996[970]
ing,Ingush,1,Words derived from Sinitic cha,1572,43.1666666667,45.0833333333,Nakh,Nakh-Daghestanian,Malherbe and Rosenberg 1996,http://wals.info/valuesets/138A-ing,http://wals.info/languoid/lect/wals_code_ing,http://wals.info/refdb/record/Malherbe-and-Rosenberg-1996[1572]
inu,Iñupiaq,3,Others,NA,67,-161,Eskimo,Eskimo-Aleut,Webster and Zibell n.d.,http://wals.info/valuesets/138A-inu,http://wals.info/languoid/lect/wals_code_inu,http://wals.info/refdb/record/Webster-and-Zibell-nd
iri,Irish,2,Words derived from Min Nan Chinese te,894,53,-8,Celtic,Indo-European,Malherbe and Rosenberg 1996,http://wals.info/valuesets/138A-iri,http://wals.info/languoid/lect/wals_code_iri,http://wals.info/refdb/record/Malherbe-and-Rosenberg-1996[894]
ita,Italian,2,Words derived from Min Nan Chinese te,987,43,12,Romance,Indo-European,Malherbe and Rosenberg 1996,http://wals.info/valuesets/138A-ita,http://wals.info/languoid/lect/wals_code_ita,http://wals.info/refdb/record/Malherbe-and-Rosenberg-1996[987]
jav,Javanese,2,Words derived from Min Nan Chinese te,390,-7,111,Javanese,Austronesian,Sugiarto 1993,http://wals.info/valuesets/138A-jav,http://wals.info/languoid/lect/wals_code_jav,http://wals.info/refdb/record/Sugiarto-1993[390]
jmo,Jur Mödö,1,Words derived from Sinitic cha,NA,6,30,Bongo-Bagirmi,Central Sudanic,Persson and Persson 1991,http://wals.info/valuesets/138A-jmo,http://wals.info/languoid/lect/wals_code_jmo,http://wals.info/refdb/record/Persson-and-Persson-1991
jpn,Japanese,1,Words derived from Sinitic cha,995,37,140,Japanese,Japanese,Malherbe and Rosenberg 1996,http://wals.info/valuesets/138A-jpn,http://wals.info/languoid/lect/wals_code_jpn,http://wals.info/refdb/record/Malherbe-and-Rosenberg-1996[995]
juh,Ju|'hoan,2,Words derived from Min Nan Chinese te,NA,-19,21,Ju-Kung,Kxa,Dickens 1994,http://wals.info/valuesets/138A-juh,http://wals.info/languoid/lect/wals_code_juh,http://wals.info/refdb/record/Dickens-1994
kab,Kabardian,1,Words derived from Sinitic cha,NA,43.5,43.5,Northwest Caucasian,Northwest Caucasian,Kardanov and Bicoev 1955,http://wals.info/valuesets/138A-kab,http://wals.info/languoid/lect/wals_code_kab,http://wals.info/refdb/record/Kardanov-and-Bicoev-1955
kaz,Kazakh,1,Words derived from Sinitic cha,1042,50,70,Turkic,Altaic,Malherbe and Rosenberg 1996,http://wals.info/valuesets/138A-kaz,http://wals.info/languoid/lect/wals_code_kaz,http://wals.info/refdb/record/Malherbe-and-Rosenberg-1996[1042]
kbl,Kabyle,3,Others,1012,36.5,5,Berber,Afro-Asiatic,Malherbe and Rosenberg 1996,http://wals.info/valuesets/138A-kbl,http://wals.info/languoid/lect/wals_code_kbl,http://wals.info/refdb/record/Malherbe-and-Rosenberg-1996[1012]
ket,Ket,3,Others,249,64,87,Yeniseian,Yeniseian,Werner 1997a,http://wals.info/valuesets/138A-ket,http://wals.info/languoid/lect/wals_code_ket,http://wals.info/refdb/record/Werner-1997a[249]
keu,Kenyah (Uma' Lung),2,Words derived from Min Nan Chinese te,NA,3,115.833333333,North Borneo,Austronesian,NA,http://wals.info/valuesets/138A-keu,http://wals.info/languoid/lect/wals_code_keu,NA
kgz,Kirghiz,1,Words derived from Sinitic cha,NA,42,75,Turkic,Altaic,Hebert and Poppe 1963,http://wals.info/valuesets/138A-kgz,http://wals.info/languoid/lect/wals_code_kgz,http://wals.info/refdb/record/Hebert-and-Poppe-1963
kha,Khalkha,1,Words derived from Sinitic cha,1222,47,105,Mongolic,Altaic,Malherbe and Rosenberg 1996,http://wals.info/valuesets/138A-kha,http://wals.info/languoid/lect/wals_code_kha,http://wals.info/refdb/record/Malherbe-and-Rosenberg-1996[1222]
khk,Khakas,1,Words derived from Sinitic cha,NA,53,90,Turkic,Altaic,Baskakov and Inkizekova-Grekyl 1953,http://wals.info/valuesets/138A-khk,http://wals.info/languoid/lect/wals_code_khk,http://wals.info/refdb/record/Baskakov-and-Inkizekova-Grekyl-1953
khm,Khmer,2,Words derived from Min Nan Chinese te,1049,12.5,105,Khmer,Austro-Asiatic,Malherbe and Rosenberg 1996,http://wals.info/valuesets/138A-khm,http://wals.info/languoid/lect/wals_code_khm,http://wals.info/refdb/record/Malherbe-and-Rosenberg-1996[1049]
khs,Khasi,1,Words derived from Sinitic cha,39,25.5,92,Khasian,Austro-Asiatic,Rabel 1961,http://wals.info/valuesets/138A-khs,http://wals.info/languoid/lect/wals_code_khs,http://wals.info/refdb/record/Rabel-1961[39]
kik,Kikuyu,1,Words derived from Sinitic cha,1064,-0.75,36.75,Bantoid,Niger-Congo,Malherbe and Rosenberg 1996,http://wals.info/valuesets/138A-kik,http://wals.info/languoid/lect/wals_code_kik,http://wals.info/refdb/record/Malherbe-and-Rosenberg-1996[1064]
kin,Kinyarwanda,1,Words derived from Sinitic cha,1077,-2,30,Bantoid,Niger-Congo,Malherbe and Rosenberg 1996,http://wals.info/valuesets/138A-kin,http://wals.info/languoid/lect/wals_code_kin,http://wals.info/refdb/record/Malherbe-and-Rosenberg-1996[1077]
kji,Kurmanji,1,Words derived from Sinitic cha,1091,38,42,Iranian,Indo-European,Malherbe and Rosenberg 1996,http://wals.info/valuesets/138A-kji,http://wals.info/languoid/lect/wals_code_kji,http://wals.info/refdb/record/Malherbe-and-Rosenberg-1996[1091]
kjn,Kunjen,3,Others,NA,-16.5,142.5,Northern Pama-Nyungan,Pama-Nyungan,Hamilton 1998,http://wals.info/valuesets/138A-kjn,http://wals.info/languoid/lect/wals_code_kjn,http://wals.info/refdb/record/Hamilton-1998
kkn,Konkani,1,Words derived from Sinitic cha,1084,15.25,74,Indic,Indo-European,Malherbe and Rosenberg 1996,http://wals.info/valuesets/138A-kkn,http://wals.info/languoid/lect/wals_code_kkn,http://wals.info/refdb/record/Malherbe-and-Rosenberg-1996[1084]
kkp,Karakalpak,1,Words derived from Sinitic cha,NA,43,60,Turkic,Altaic,Baskakov 1958,http://wals.info/valuesets/138A-kkp,http://wals.info/languoid/lect/wals_code_kkp,http://wals.info/refdb/record/Baskakov-1958
kmk,Kalmyk,1,Words derived from Sinitic cha,NA,44,83,Mongolic,Altaic,Zwick 1854,http://wals.info/valuesets/138A-kmk,http://wals.info/languoid/lect/wals_code_kmk,http://wals.info/refdb/record/Zwick-1854
knr,Kanuri,2,Words derived from Min Nan Chinese te,NA,12,13,Western Saharan,Saharan,Cyffer and Hutchison 1990,http://wals.info/valuesets/138A-knr,http://wals.info/languoid/lect/wals_code_knr,http://wals.info/refdb/record/Cyffer-and-Hutchison-1990
koi,Koiari,2,Words derived from Min Nan Chinese te,NA,-9.5,147.333333333,Koiarian,Trans-New Guinea,Dutton 1992,http://wals.info/valuesets/138A-koi,http://wals.info/languoid/lect/wals_code_koi,http://wals.info/refdb/record/Dutton-1992
kor,Korean,1,Words derived from Sinitic cha,747,37.5,128,Korean,Korean,Malherbe and Rosenberg 1996,http://wals.info/valuesets/138A-kor,http://wals.info/languoid/lect/wals_code_kor,http://wals.info/refdb/record/Malherbe-and-Rosenberg-1996[747]
kos,Kosraean,2,Words derived from Min Nan Chinese te,NA,5.3,163,Oceanic,Austronesian,Lee 1976,http://wals.info/valuesets/138A-kos,http://wals.info/languoid/lect/wals_code_kos,http://wals.info/refdb/record/Lee-1976
krk,Karok,3,Others,443,41.6666666667,-123,Karok,Karok,Bright 1957,http://wals.info/valuesets/138A-krk,http://wals.info/languoid/lect/wals_code_krk,http://wals.info/refdb/record/Bright-1957[443]
krm,Karaim,1,Words derived from Sinitic cha,NA,54.6666666667,24.9166666667,Turkic,Altaic,Kowalski 1929,http://wals.info/valuesets/138A-krm,http://wals.info/languoid/lect/wals_code_krm,http://wals.info/refdb/record/Kowalski-1929
kro,Krongo,1,Words derived from Sinitic cha,NA,10.5,30,Kadugli,Kadu,Reh 1985,http://wals.info/valuesets/138A-kro,http://wals.info/languoid/lect/wals_code_kro,http://wals.info/refdb/record/Reh-1985
kry,Koryak,1,Words derived from Sinitic cha,NA,61,167,Northern Chukotko-Kamchatkan,Chukotko-Kamchatkan,Zukova 1967,http://wals.info/valuesets/138A-kry,http://wals.info/languoid/lect/wals_code_kry,http://wals.info/refdb/record/Zukova-1967
kse,Koyraboro Senni,3,Others,1485,16,0,Songhay,Songhay,Malherbe and Rosenberg 1996,http://wals.info/valuesets/138A-kse,http://wals.info/languoid/lect/wals_code_kse,http://wals.info/refdb/record/Malherbe-and-Rosenberg-1996[1485]
ksg,Karen (Sgaw),3,Others,1029,18,97,Karen,Sino-Tibetan,Malherbe and Rosenberg 1996,http://wals.info/valuesets/138A-ksg,http://wals.info/languoid/lect/wals_code_ksg,http://wals.info/refdb/record/Malherbe-and-Rosenberg-1996[1029]
kuq,Kumyk,1,Words derived from Sinitic cha,NA,43,47.3333333333,Turkic,Altaic,Bammatov 1960,http://wals.info/valuesets/138A-kuq,http://wals.info/languoid/lect/wals_code_kuq,http://wals.info/refdb/record/Bammatov-1960
lad,Ladakhi,3,Others,1099,34,78,Bodic,Sino-Tibetan,Malherbe and Rosenberg 1996,http://wals.info/valuesets/138A-lad,http://wals.info/languoid/lect/wals_code_lad,http://wals.info/refdb/record/Malherbe-and-Rosenberg-1996[1099]
lao,Lao,3,Others,1105,18,103,Kam-Tai,Tai-Kadai,Malherbe and Rosenberg 1996,http://wals.info/valuesets/138A-lao,http://wals.info/languoid/lect/wals_code_lao,http://wals.info/refdb/record/Malherbe-and-Rosenberg-1996[1105]
lat,Latvian,2,Words derived from Min Nan Chinese te,1132,57,24,Baltic,Indo-European,Malherbe and Rosenberg 1996,http://wals.info/valuesets/138A-lat,http://wals.info/languoid/lect/wals_code_lat,http://wals.info/refdb/record/Malherbe-and-Rosenberg-1996[1132]
lcr,Lesser Antillean French Creole,1,Words derived from Sinitic cha,NA,15,-61.1666666667,Creoles and Pidgins,other,NA,http://wals.info/valuesets/138A-lcr,http://wals.info/languoid/lect/wals_code_lcr,NA
lda,Luganda,1,Words derived from Sinitic cha,1155,0.5,32.1666666667,Bantoid,Niger-Congo,Malherbe and Rosenberg 1996,http://wals.info/valuesets/138A-lda,http://wals.info/languoid/lect/wals_code_lda,http://wals.info/refdb/record/Malherbe-and-Rosenberg-1996[1155]
lin,Lingala,2,Words derived from Min Nan Chinese te,1140,2,18.5,Bantoid,Niger-Congo,Malherbe and Rosenberg 1996,http://wals.info/valuesets/138A-lin,http://wals.info/languoid/lect/wals_code_lin,http://wals.info/refdb/record/Malherbe-and-Rosenberg-1996[1140]
lis,Lisu,3,Others,NA,26,98,Burmese-Lolo,Sino-Tibetan,Bradley 1994,http://wals.info/valuesets/138A-lis,http://wals.info/languoid/lect/wals_code_lis,http://wals.info/refdb/record/Bradley-1994
lit,Lithuanian,3,Others,1147,55,24,Baltic,Indo-European,Malherbe and Rosenberg 1996,http://wals.info/valuesets/138A-lit,http://wals.info/languoid/lect/wals_code_lit,http://wals.info/refdb/record/Malherbe-and-Rosenberg-1996[1147]
lmp,Lampung,2,Words derived from Min Nan Chinese te,283,-5,105,Lampungic,Austronesian,Junaiyah 1985,http://wals.info/valuesets/138A-lmp,http://wals.info/languoid/lect/wals_code_lmp,http://wals.info/refdb/record/Junaiyah-1985[283]
lon,Loniu,3,Others,NA,-2.06666666667,147.333333333,Oceanic,Austronesian,Hamel 1994,http://wals.info/valuesets/138A-lon,http://wals.info/languoid/lect/wals_code_lon,http://wals.info/refdb/record/Hamel-1994
luo,Luo,1,Words derived from Sinitic cha,1161,-0.5,34.75,Nilotic,Eastern Sudanic,Malherbe and Rosenberg 1996,http://wals.info/valuesets/138A-luo,http://wals.info/languoid/lect/wals_code_luo,http://wals.info/refdb/record/Malherbe-and-Rosenberg-1996[1161]
lux,Luxemburgeois,2,Words derived from Min Nan Chinese te,1167,49.8333333333,6.16666666667,Germanic,Indo-European,Malherbe and Rosenberg 1996,http://wals.info/valuesets/138A-lux,http://wals.info/languoid/lect/wals_code_lux,http://wals.info/refdb/record/Malherbe-and-Rosenberg-1996[1167]
mal,Malagasy,2,Words derived from Min Nan Chinese te,1181,-20,47,Barito,Austronesian,Malherbe and Rosenberg 1996,http://wals.info/valuesets/138A-mal,http://wals.info/languoid/lect/wals_code_mal,http://wals.info/refdb/record/Malherbe-and-Rosenberg-1996[1181]
mao,Maori,2,Words derived from Min Nan Chinese te,NA,-40,176,Oceanic,Austronesian,Biggs 1994,http://wals.info/valuesets/138A-mao,http://wals.info/languoid/lect/wals_code_mao,http://wals.info/refdb/record/Biggs-1994
mby,Mbay,1,Words derived from Sinitic cha,NA,8.25,17.5,Bongo-Bagirmi,Central Sudanic,Keegan 1996,http://wals.info/valuesets/138A-mby,http://wals.info/languoid/lect/wals_code_mby,http://wals.info/refdb/record/Keegan-1996
mdr,Madurese,2,Words derived from Min Nan Chinese te,390,-7,113.5,Malayo-Sumbawan,Austronesian,Sugiarto 1993,http://wals.info/valuesets/138A-mdr,http://wals.info/languoid/lect/wals_code_mdr,http://wals.info/refdb/record/Sugiarto-1993[390]
mhi,Marathi,1,Words derived from Sinitic cha,1204,19,76,Indic,Indo-European,Malherbe and Rosenberg 1996,http://wals.info/valuesets/138A-mhi,http://wals.info/languoid/lect/wals_code_mhi,http://wals.info/refdb/record/Malherbe-and-Rosenberg-1996[1204]
min,Minangkabau,2,Words derived from Min Nan Chinese te,NA,-1,101,Malayo-Sumbawan,Austronesian,NA,http://wals.info/valuesets/138A-min,http://wals.info/languoid/lect/wals_code_min,NA
mks,Makassar,2,Words derived from Min Nan Chinese te,NA,-5.41666666667,119.583333333,South Sulawesi,Austronesian,NA,http://wals.info/valuesets/138A-mks,http://wals.info/languoid/lect/wals_code_mks,NA
mku,Maranungku,3,Others,NA,-13.6666666667,130,Wagaydy,Western Daly,Tryon 1970b,http://wals.info/valuesets/138A-mku,http://wals.info/languoid/lect/wals_code_mku,http://wals.info/refdb/record/Tryon-1970b
mlt,Maltese,2,Words derived from Min Nan Chinese te,1188,35.9166666667,14.4166666667,Semitic,Afro-Asiatic,Malherbe and Rosenberg 1996,http://wals.info/valuesets/138A-mlt,http://wals.info/languoid/lect/wals_code_mlt,http://wals.info/refdb/record/Malherbe-and-Rosenberg-1996[1188]
mme,Mari (Meadow),1,Words derived from Sinitic cha,349,57,48,Mari,Uralic,Moisio 1992,http://wals.info/valuesets/138A-mme,http://wals.info/languoid/lect/wals_code_mme,http://wals.info/refdb/record/Moisio-1992[349]
mnd,Mandarin,1,Words derived from Sinitic cha,732,34,110,Chinese,Sino-Tibetan,Malherbe and Rosenberg 1996,http://wals.info/valuesets/138A-mnd,http://wals.info/languoid/lect/wals_code_mnd,http://wals.info/refdb/record/Malherbe-and-Rosenberg-1996[732]
mnt,Mentawai,2,Words derived from Min Nan Chinese te,78,-1.5,99,Northwest Sumatra-Barrier Islands,Austronesian,Syamsir et al 1985,http://wals.info/valuesets/138A-mnt,http://wals.info/languoid/lect/wals_code_mnt,http://wals.info/refdb/record/Syamsir-et-al-1985[78]
moe,Mordvin (Erzya),1,Words derived from Sinitic cha,NA,53,45.5,Mordvin,Uralic,Paasonen 1909,http://wals.info/valuesets/138A-moe,http://wals.info/languoid/lect/wals_code_moe,http://wals.info/refdb/record/Paasonen-1909
mol,Moldavian,1,Words derived from Sinitic cha,NA,47,29,Romance,Indo-European,Gajdarzi and Baskakov 1973,http://wals.info/valuesets/138A-mol,http://wals.info/languoid/lect/wals_code_mol,http://wals.info/refdb/record/Gajdarzi-and-Baskakov-1973
msh,Marshallese,2,Words derived from Min Nan Chinese te,NA,7.11666666667,171.05,Oceanic,Austronesian,Abo et al. 1976,http://wals.info/valuesets/138A-msh,http://wals.info/languoid/lect/wals_code_msh,http://wals.info/refdb/record/Abo-et-al-1976
mss,Miwok (Southern Sierra),2,Words derived from Min Nan Chinese te,NA,37.5,-120,Miwok,Penutian,Broadbent 1964,http://wals.info/valuesets/138A-mss,http://wals.info/languoid/lect/wals_code_mss,http://wals.info/refdb/record/Broadbent-1964
mym,Malayalam,1,Words derived from Sinitic cha,1173,10,76.5,Southern Dravidian,Dravidian,Malherbe and Rosenberg 1996,http://wals.info/valuesets/138A-mym,http://wals.info/languoid/lect/wals_code_mym,http://wals.info/refdb/record/Malherbe-and-Rosenberg-1996[1173]
nai,Nanai,1,Words derived from Sinitic cha,NA,49.5,137,Tungusic,Altaic,Petrova 1960,http://wals.info/valuesets/138A-nai,http://wals.info/languoid/lect/wals_code_nai,http://wals.info/refdb/record/Petrova-1960
nbd,Nubian (Dongolese),1,Words derived from Sinitic cha,NA,18.25,30.75,Nubian,Eastern Sudanic,Armbruster 1965,http://wals.info/valuesets/138A-nbd,http://wals.info/languoid/lect/wals_code_nbd,http://wals.info/refdb/record/Armbruster-1965
nep,Nepali,1,Words derived from Sinitic cha,1251,28,85,Indic,Indo-European,Malherbe and Rosenberg 1996,http://wals.info/valuesets/138A-nep,http://wals.info/languoid/lect/wals_code_nep,http://wals.info/refdb/record/Malherbe-and-Rosenberg-1996[1251]
new,Newari (Kathmandu),1,Words derived from Sinitic cha,1259,27.6666666667,85.5,Mahakiranti,Sino-Tibetan,Malherbe and Rosenberg 1996,http://wals.info/valuesets/138A-new,http://wals.info/languoid/lect/wals_code_new,http://wals.info/refdb/record/Malherbe-and-Rosenberg-1996[1259]
nog,Noghay,1,Words derived from Sinitic cha,NA,44,46,Turkic,Altaic,Baskakov and Abdulzalilov 1956,http://wals.info/valuesets/138A-nog,http://wals.info/languoid/lect/wals_code_nog,http://wals.info/refdb/record/Baskakov-and-Abdulzalilov-1956
nor,Norwegian,2,Words derived from Min Nan Chinese te,NA,61,8,Germanic,Indo-European,NA,http://wals.info/valuesets/138A-nor,http://wals.info/languoid/lect/wals_code_nor,NA
nun,Nung (in Vietnam),1,Words derived from Sinitic cha,2,21.9166666667,106.416666667,Kam-Tai,Tai-Kadai,Vy Thi Bé and Saul 1974,http://wals.info/valuesets/138A-nun,http://wals.info/languoid/lect/wals_code_nun,http://wals.info/refdb/record/Vy-Thi-Be-and-Saul-1974[2]
nyl,Nyelâyu,2,Words derived from Min Nan Chinese te,NA,-20.3333333333,164.333333333,Oceanic,Austronesian,Ozanne-Rivierre 1998,http://wals.info/valuesets/138A-nyl,http://wals.info/languoid/lect/wals_code_nyl,http://wals.info/refdb/record/Ozanne-Rivierre-1998
occ,Occitan,2,Words derived from Min Nan Chinese te,1359,44,2,Romance,Indo-European,Malherbe and Rosenberg 1996,http://wals.info/valuesets/138A-occ,http://wals.info/languoid/lect/wals_code_occ,http://wals.info/refdb/record/Malherbe-and-Rosenberg-1996[1359]
ojm,Ojibwe (Minnesota),3,Others,NA,47.6666666667,-92.5,Algonquian,Algic,Nichols and Nyholm 1995,http://wals.info/valuesets/138A-ojm,http://wals.info/languoid/lect/wals_code_ojm,http://wals.info/refdb/record/Nichols-and-Nyholm-1995
orh,Oromo (Harar),1,Words derived from Sinitic cha,NA,9,42,Lowland East Cushitic,Afro-Asiatic,Owens 1985,http://wals.info/valuesets/138A-orh,http://wals.info/languoid/lect/wals_code_orh,http://wals.info/refdb/record/Owens-1985
oss,Ossetic,1,Words derived from Sinitic cha,1281,43,44,Iranian,Indo-European,Malherbe and Rosenberg 1996,http://wals.info/valuesets/138A-oss,http://wals.info/languoid/lect/wals_code_oss,http://wals.info/refdb/record/Malherbe-and-Rosenberg-1996[1281]
owc,Oromo (West-Central),1,Words derived from Sinitic cha,1277,9,37,Lowland East Cushitic,Afro-Asiatic,Malherbe and Rosenberg 1996,http://wals.info/valuesets/138A-owc,http://wals.info/languoid/lect/wals_code_owc,http://wals.info/refdb/record/Malherbe-and-Rosenberg-1996[1277]
oya,Oriya,1,Words derived from Sinitic cha,1272,21,85,Indic,Indo-European,Malherbe and Rosenberg 1996,http://wals.info/valuesets/138A-oya,http://wals.info/languoid/lect/wals_code_oya,http://wals.info/refdb/record/Malherbe-and-Rosenberg-1996[1272]
pak,Pakanha,3,Others,NA,-14.5,142.416666667,Northern Pama-Nyungan,Pama-Nyungan,Hamilton 1998,http://wals.info/valuesets/138A-pak,http://wals.info/languoid/lect/wals_code_pak,http://wals.info/refdb/record/Hamilton-1998
pan,Panjabi,1,Words derived from Sinitic cha,1313,31,74,Indic,Indo-European,Malherbe and Rosenberg 1996,http://wals.info/valuesets/138A-pan,http://wals.info/languoid/lect/wals_code_pan,http://wals.info/refdb/record/Malherbe-and-Rosenberg-1996[1313]
poh,Pohnpeian,2,Words derived from Min Nan Chinese te,NA,6.88333333333,158.25,Oceanic,Austronesian,Rehg and Sohl 1979,http://wals.info/valuesets/138A-poh,http://wals.info/languoid/lect/wals_code_poh,http://wals.info/refdb/record/Rehg-and-Sohl-1979
pol,Polish,3,Others,NA,52,20,Slavic,Indo-European,NA,http://wals.info/valuesets/138A-pol,http://wals.info/languoid/lect/wals_code_pol,NA
por,Portuguese,1,Words derived from Sinitic cha,1343,39,-8,Romance,Indo-European,Malherbe and Rosenberg 1996,http://wals.info/valuesets/138A-por,http://wals.info/languoid/lect/wals_code_por,http://wals.info/refdb/record/Malherbe-and-Rosenberg-1996[1343]
pro,Provençal,2,Words derived from Min Nan Chinese te,1359,44,6,Romance,Indo-European,Malherbe and Rosenberg 1996,http://wals.info/valuesets/138A-pro,http://wals.info/languoid/lect/wals_code_pro,http://wals.info/refdb/record/Malherbe-and-Rosenberg-1996[1359]
prs,Persian,1,Words derived from Sinitic cha,1321,32,54,Iranian,Indo-European,Malherbe and Rosenberg 1996,http://wals.info/valuesets/138A-prs,http://wals.info/languoid/lect/wals_code_prs,http://wals.info/refdb/record/Malherbe-and-Rosenberg-1996[1321]
psh,Pashto,1,Words derived from Sinitic cha,1351,33,67,Iranian,Indo-European,Malherbe and Rosenberg 1996,http://wals.info/valuesets/138A-psh,http://wals.info/languoid/lect/wals_code_psh,http://wals.info/refdb/record/Malherbe-and-Rosenberg-1996[1351]
psm,Passamaquoddy-Maliseet,3,Others,NA,45,-67,Algonquian,Algic,Francis and Leavitt 1998,http://wals.info/valuesets/138A-psm,http://wals.info/languoid/lect/wals_code_psm,http://wals.info/refdb/record/Francis-and-Leavitt-1998
qaf,Qafar,1,Words derived from Sinitic cha,488,12,42,Lowland East Cushitic,Afro-Asiatic,Malherbe and Rosenberg 1996,http://wals.info/valuesets/138A-qaf,http://wals.info/languoid/lect/wals_code_qaf,http://wals.info/refdb/record/Malherbe-and-Rosenberg-1996[488]
qay,Quechua (Ayacucho),2,Words derived from Min Nan Chinese te,203,-14,-74,Quechuan,Quechuan,Parker 1969,http://wals.info/valuesets/138A-qay,http://wals.info/languoid/lect/wals_code_qay,http://wals.info/refdb/record/Parker-1969[203]
rbg,Romani (Burgenland),2,Words derived from Min Nan Chinese te,NA,47.5,16.5,Indic,Indo-European,Matras et al. 2002,http://wals.info/valuesets/138A-rbg,http://wals.info/languoid/lect/wals_code_rbg,http://wals.info/refdb/record/Matras-et-al-2002
ren,Rendille,3,Others,NA,2,37.5,Lowland East Cushitic,Afro-Asiatic,Pillinger and Galboran 1999,http://wals.info/valuesets/138A-ren,http://wals.info/languoid/lect/wals_code_ren,http://wals.info/refdb/record/Pillinger-and-Galboran-1999
rka,Romani (Kalderash),3,Others,NA,45,21,Indic,Indo-European,Matras et al. 2002,http://wals.info/valuesets/138A-rka,http://wals.info/languoid/lect/wals_code_rka,http://wals.info/refdb/record/Matras-et-al-2002
rlo,Romani (Lovari),2,Words derived from Min Nan Chinese te,NA,47,21.5,Indic,Indo-European,Matras et al. 2002,http://wals.info/valuesets/138A-rlo,http://wals.info/languoid/lect/wals_code_rlo,http://wals.info/refdb/record/Matras-et-al-2002
rmc,Romansch,2,Words derived from Min Nan Chinese te,1372,46.6666666667,9.16666666667,Romance,Indo-European,Malherbe and Rosenberg 1996,http://wals.info/valuesets/138A-rmc,http://wals.info/languoid/lect/wals_code_rmc,http://wals.info/refdb/record/Malherbe-and-Rosenberg-1996[1372]
rse,Romani (Sepecides),1,Words derived from Sinitic cha,NA,38.25,27,Indic,Indo-European,Matras et al. 2002,http://wals.info/valuesets/138A-rse,http://wals.info/languoid/lect/wals_code_rse,http://wals.info/refdb/record/Matras-et-al-2002
rus,Russian,1,Words derived from Sinitic cha,NA,56,38,Slavic,Indo-European,NA,http://wals.info/valuesets/138A-rus,http://wals.info/languoid/lect/wals_code_rus,NA
san,Sango,1,Words derived from Sinitic cha,1400,5,18,Ubangi,Niger-Congo,Malherbe and Rosenberg 1996,http://wals.info/valuesets/138A-san,http://wals.info/languoid/lect/wals_code_san,http://wals.info/refdb/record/Malherbe-and-Rosenberg-1996[1400]
scr,Serbian-Croatian,1,Words derived from Sinitic cha,1419,44,19,Slavic,Indo-European,Malherbe and Rosenberg 1996,http://wals.info/valuesets/138A-scr,http://wals.info/languoid/lect/wals_code_scr,http://wals.info/refdb/record/Malherbe-and-Rosenberg-1996[1419]
sdh,Sindhi,1,Words derived from Sinitic cha,1447,26,69,Indic,Indo-European,Malherbe and Rosenberg 1996,http://wals.info/valuesets/138A-sdh,http://wals.info/languoid/lect/wals_code_sdh,http://wals.info/refdb/record/Malherbe-and-Rosenberg-1996[1447]
ses,Sesotho,2,Words derived from Min Nan Chinese te,1427,-28,27,Bantoid,Niger-Congo,Malherbe and Rosenberg 1996,http://wals.info/valuesets/138A-ses,http://wals.info/languoid/lect/wals_code_ses,http://wals.info/refdb/record/Malherbe-and-Rosenberg-1996[1427]
slo,Slovene,1,Words derived from Sinitic cha,1470,46,15,Slavic,Indo-European,Malherbe and Rosenberg 1996,http://wals.info/valuesets/138A-slo,http://wals.info/languoid/lect/wals_code_slo,http://wals.info/refdb/record/Malherbe-and-Rosenberg-1996[1470]
snh,Sinhala,2,Words derived from Min Nan Chinese te,1454,7,80.5,Indic,Indo-European,Malherbe and Rosenberg 1996,http://wals.info/valuesets/138A-snh,http://wals.info/languoid/lect/wals_code_snh,http://wals.info/refdb/record/Malherbe-and-Rosenberg-1996[1454]
snn,Soninke,3,Others,1492,15,-10.5,Western Mande,Mande,Malherbe and Rosenberg 1996,http://wals.info/valuesets/138A-snn,http://wals.info/languoid/lect/wals_code_snn,http://wals.info/refdb/record/Malherbe-and-Rosenberg-1996[1492]
sno,Saami (Northern),2,Words derived from Min Nan Chinese te,1014,69,24,Saami,Uralic,Malherbe and Rosenberg 1996,http://wals.info/valuesets/138A-sno,http://wals.info/languoid/lect/wals_code_sno,http://wals.info/refdb/record/Malherbe-and-Rosenberg-1996[1014]
som,Somali,1,Words derived from Sinitic cha,1479,3,45,Lowland East Cushitic,Afro-Asiatic,Malherbe and Rosenberg 1996,http://wals.info/valuesets/138A-som,http://wals.info/languoid/lect/wals_code_som,http://wals.info/refdb/record/Malherbe-and-Rosenberg-1996[1479]
spa,Spanish,2,Words derived from Min Nan Chinese te,NA,40,-4,Romance,Indo-European,NA,http://wals.info/valuesets/138A-spa,http://wals.info/languoid/lect/wals_code_spa,NA
sra,Sranan,2,Words derived from Min Nan Chinese te,1536,5.83333333333,-55.3333333333,Creoles and Pidgins,other,Malherbe and Rosenberg 1996,http://wals.info/valuesets/138A-sra,http://wals.info/languoid/lect/wals_code_sra,http://wals.info/refdb/record/Malherbe-and-Rosenberg-1996[1536]
ssh,Shinassha,1,Words derived from Sinitic cha,NA,10.4166666667,36.1666666667,North Omotic,Afro-Asiatic,Lamberti 1993a,http://wals.info/valuesets/138A-ssh,http://wals.info/languoid/lect/wals_code_ssh,http://wals.info/refdb/record/Lamberti-1993a
sun,Sundanese,2,Words derived from Min Nan Chinese te,390,-7,107,Malayo-Sumbawan,Austronesian,Sugiarto 1993,http://wals.info/valuesets/138A-sun,http://wals.info/languoid/lect/wals_code_sun,http://wals.info/refdb/record/Sugiarto-1993[390]
svk,Slovak,1,Words derived from Sinitic cha,1461,49,20,Slavic,Indo-European,Malherbe and Rosenberg 1996,http://wals.info/valuesets/138A-svk,http://wals.info/languoid/lect/wals_code_svk,http://wals.info/refdb/record/Malherbe-and-Rosenberg-1996[1461]
swa,Swahili,1,Words derived from Sinitic cha,1507,-6.5,39,Bantoid,Niger-Congo,Malherbe and Rosenberg 1996,http://wals.info/valuesets/138A-swa,http://wals.info/languoid/lect/wals_code_swa,http://wals.info/refdb/record/Malherbe-and-Rosenberg-1996[1507]
swe,Swedish,2,Words derived from Min Nan Chinese te,NA,60,15,Germanic,Indo-European,NA,http://wals.info/valuesets/138A-swe,http://wals.info/languoid/lect/wals_code_swe,NA
tag,Tagalog,1,Words derived from Sinitic cha,1522,15,121,Greater Central Philippine,Austronesian,Malherbe and Rosenberg 1996,http://wals.info/valuesets/138A-tag,http://wals.info/languoid/lect/wals_code_tag,http://wals.info/refdb/record/Malherbe-and-Rosenberg-1996[1522]
tah,Tahitian,2,Words derived from Min Nan Chinese te,1530,-17.6666666667,-149.583333333,Oceanic,Austronesian,Malherbe and Rosenberg 1996,http://wals.info/valuesets/138A-tah,http://wals.info/languoid/lect/wals_code_tah,http://wals.info/refdb/record/Malherbe-and-Rosenberg-1996[1530]
taj,Tajik,1,Words derived from Sinitic cha,1515,38.6666666667,70,Iranian,Indo-European,Malherbe and Rosenberg 1996,http://wals.info/valuesets/138A-taj,http://wals.info/languoid/lect/wals_code_taj,http://wals.info/refdb/record/Malherbe-and-Rosenberg-1996[1515]
taq,Taiwanese,2,Words derived from Min Nan Chinese te,NA,25,121.5,Chinese,Sino-Tibetan,NA,http://wals.info/valuesets/138A-taq,http://wals.info/languoid/lect/wals_code_taq,NA
tel,Telugu,2,Words derived from Min Nan Chinese te,1582,16,79,South-Central Dravidian,Dravidian,Malherbe and Rosenberg 1996,http://wals.info/valuesets/138A-tel,http://wals.info/languoid/lect/wals_code_tel,http://wals.info/refdb/record/Malherbe-and-Rosenberg-1996[1582]
tha,Thai,1,Words derived from Sinitic cha,1591,16,101,Kam-Tai,Tai-Kadai,Malherbe and Rosenberg 1996,http://wals.info/valuesets/138A-tha,http://wals.info/languoid/lect/wals_code_tha,http://wals.info/refdb/record/Malherbe-and-Rosenberg-1996[1591]
tib,Tibetan (Standard Spoken),1,Words derived from Sinitic cha,1597,30,91,Bodic,Sino-Tibetan,Malherbe and Rosenberg 1996,http://wals.info/valuesets/138A-tib,http://wals.info/languoid/lect/wals_code_tib,http://wals.info/refdb/record/Malherbe-and-Rosenberg-1996[1597]
tiw,Tiwi,3,Others,NA,-11.5,131,Tiwian,Tiwian,Osborne 1974,http://wals.info/valuesets/138A-tiw,http://wals.info/languoid/lect/wals_code_tiw,http://wals.info/refdb/record/Osborne-1974
tkm,Turkmen,1,Words derived from Sinitic cha,NA,40,58,Turkic,Altaic,Baskakov and Hamzaev 1956,http://wals.info/valuesets/138A-tkm,http://wals.info/languoid/lect/wals_code_tkm,http://wals.info/refdb/record/Baskakov-and-Hamzaev-1956
tsw,Tswana,2,Words derived from Min Nan Chinese te,NA,-24,26,Bantoid,Niger-Congo,NA,http://wals.info/valuesets/138A-tsw,http://wals.info/languoid/lect/wals_code_tsw,NA
tun,Tunica,3,Others,328,32.6666666667,-91,Tunica,Tunica,Haas 1953,http://wals.info/valuesets/138A-tun,http://wals.info/languoid/lect/wals_code_tun,http://wals.info/refdb/record/Haas-1953[328]
tur,Turkish,1,Words derived from Sinitic cha,1616,39,35,Turkic,Altaic,Malherbe and Rosenberg 1996,http://wals.info/valuesets/138A-tur,http://wals.info/languoid/lect/wals_code_tur,http://wals.info/refdb/record/Malherbe-and-Rosenberg-1996[1616]
tuv,Tuvan,1,Words derived from Sinitic cha,NA,52,95,Turkic,Altaic,Mongus 1980,http://wals.info/valuesets/138A-tuv,http://wals.info/languoid/lect/wals_code_tuv,http://wals.info/refdb/record/Mongus-1980
tvo,Tatar,1,Words derived from Sinitic cha,NA,56,49.5,Turkic,Altaic,Dmitriev 1955,http://wals.info/valuesets/138A-tvo,http://wals.info/languoid/lect/wals_code_tvo,http://wals.info/refdb/record/Dmitriev-1955
udm,Udmurt,1,Words derived from Sinitic cha,NA,57.5,52.5,Permic,Uralic,Vaxrushev 1983,http://wals.info/valuesets/138A-udm,http://wals.info/languoid/lect/wals_code_udm,http://wals.info/refdb/record/Vaxrushev-1983
ukr,Ukrainian,1,Words derived from Sinitic cha,1625,49,33,Slavic,Indo-European,Malherbe and Rosenberg 1996,http://wals.info/valuesets/138A-ukr,http://wals.info/languoid/lect/wals_code_ukr,http://wals.info/refdb/record/Malherbe-and-Rosenberg-1996[1625]
uyg,Uyghur,1,Words derived from Sinitic cha,1287,40,80,Turkic,Altaic,Malherbe and Rosenberg 1996,http://wals.info/valuesets/138A-uyg,http://wals.info/languoid/lect/wals_code_uyg,http://wals.info/refdb/record/Malherbe-and-Rosenberg-1996[1287]
uzb,Uzbek,1,Words derived from Sinitic cha,1306,39,66,Turkic,Altaic,Malherbe and Rosenberg 1996,http://wals.info/valuesets/138A-uzb,http://wals.info/languoid/lect/wals_code_uzb,http://wals.info/refdb/record/Malherbe-and-Rosenberg-1996[1306]
vie,Vietnamese,1,Words derived from Sinitic cha,1633,10.5,106.5,Viet-Muong,Austro-Asiatic,Malherbe and Rosenberg 1996,http://wals.info/valuesets/138A-vie,http://wals.info/languoid/lect/wals_code_vie,http://wals.info/refdb/record/Malherbe-and-Rosenberg-1996[1633]
wam,Wambaya,3,Others,NA,-18.6666666667,135.75,Wambayan,Mirndi,Nordlinger 1998,http://wals.info/valuesets/138A-wam,http://wals.info/languoid/lect/wals_code_wam,http://wals.info/refdb/record/Nordlinger-1998
wel,Welsh,2,Words derived from Min Nan Chinese te,879,52,-3,Celtic,Indo-European,Malherbe and Rosenberg 1996,http://wals.info/valuesets/138A-wel,http://wals.info/languoid/lect/wals_code_wel,http://wals.info/refdb/record/Malherbe-and-Rosenberg-1996[879]
wlf,Wolof,3,Others,1641,15.25,-16,Northern Atlantic,Niger-Congo,Malherbe and Rosenberg 1996,http://wals.info/valuesets/138A-wlf,http://wals.info/languoid/lect/wals_code_wlf,http://wals.info/refdb/record/Malherbe-and-Rosenberg-1996[1641]
wlo,Wolio,2,Words derived from Min Nan Chinese te,167,-5.5,122.75,Celebic,Austronesian,Husen et al. 1985,http://wals.info/valuesets/138A-wlo,http://wals.info/languoid/lect/wals_code_wlo,http://wals.info/refdb/record/Husen-et-al-1985[167]
xho,Xhosa,2,Words derived from Min Nan Chinese te,NA,-32,27,Bantoid,Niger-Congo,NA,http://wals.info/valuesets/138A-xho,http://wals.info/languoid/lect/wals_code_xho,NA
xoo,!Xóõ,2,Words derived from Min Nan Chinese te,NA,-24,21.5,Tu,Tu,Traill 1994,http://wals.info/valuesets/138A-xoo,http://wals.info/languoid/lect/wals_code_xoo,http://wals.info/refdb/record/Traill-1994
ykt,Yakut,1,Words derived from Sinitic cha,1650,62,130,Turkic,Altaic,Malherbe and Rosenberg 1996,http://wals.info/valuesets/138A-ykt,http://wals.info/languoid/lect/wals_code_ykt,http://wals.info/refdb/record/Malherbe-and-Rosenberg-1996[1650]
yms,Yemsa,1,Words derived from Sinitic cha,NA,7.83333333333,37.3333333333,North Omotic,Afro-Asiatic,Lamberti 1993b,http://wals.info/valuesets/138A-yms,http://wals.info/languoid/lect/wals_code_yms,http://wals.info/refdb/record/Lamberti-1993b
yor,Yoruba,2,Words derived from Min Nan Chinese te,1658,8,4.33333333333,Defoid,Niger-Congo,Malherbe and Rosenberg 1996,http://wals.info/valuesets/138A-yor,http://wals.info/languoid/lect/wals_code_yor,http://wals.info/refdb/record/Malherbe-and-Rosenberg-1996[1658]
ypk,Yup'ik (Central),1,Words derived from Sinitic cha,NA,59.5,-160,Eskimo,Eskimo-Aleut,Jacobson 1984a,http://wals.info/valuesets/138A-ypk,http://wals.info/languoid/lect/wals_code_ypk,http://wals.info/refdb/record/Jacobson-1984a
zar,Zarma,3,Others,1664,13.8333333333,2.16666666667,Songhay,Songhay,Malherbe and Rosenberg 1996,http://wals.info/valuesets/138A-zar,http://wals.info/languoid/lect/wals_code_zar,http://wals.info/refdb/record/Malherbe-and-Rosenberg-1996[1664]
zqc,Zoque (Copainalá),3,Others,NA,17,-93.25,Mixe-Zoque,Mixe-Zoque,Harrison et al. 1981,http://wals.info/valuesets/138A-zqc,http://wals.info/languoid/lect/wals_code_zqc,http://wals.info/refdb/record/Harrison-et-al-1981
zul,Zulu,3,Others,1670,-30,30,Bantoid,Niger-Congo,Malherbe and Rosenberg 1996,http://wals.info/valuesets/138A-zul,http://wals.info/languoid/lect/wals_code_zul,http://wals.info/refdb/record/Malherbe-and-Rosenberg-1996[1670]
